identifier,label,uri,class
https://soilwise-he.github.io/soil-health#MicrobialBiomass,microbial biomass,http://opendata.inrae.fr/thesaurusINRAE/c_6432,soil biological properties
https://soilwise-he.github.io/soil-health#SoilPollution,soil pollution,http://aims.fao.org/aos/agrovoc/c_7183,soil threats
https://soilwise-he.github.io/soil-health#SoilOrganicMatter,soil organic matter,http://aims.fao.org/aos/agrovoc/c_35657,soil chemical properties
https://soilwise-he.github.io/soil-health#Decomposition,decomposition,http://www.eionet.europa.eu/gemet/concept/2014,soil functions
https://soilwise-he.github.io/soil-health#Carbon,carbon,http://aims.fao.org/aos/agrovoc/c_1301,soil chemical properties
https://soilwise-he.github.io/soil-health#Water,water,http://aims.fao.org/aos/agrovoc/c_8309,soil physical properties
https://soilwise-he.github.io/soil-health#MineralFertilisers,mineral fertilisers,http://aims.fao.org/aos/agrovoc/c_27870,soil chemical properties
https://soilwise-he.github.io/soil-health#SoilOrganicCarbon,soil organic carbon,http://aims.fao.org/aos/agrovoc/c_389fe908,soil chemical properties
https://soilwise-he.github.io/soil-health#Biodiversity,biodiversity,http://aims.fao.org/aos/agrovoc/c_33949,soil biological properties
https://soilwise-he.github.io/soil-health#Respiration,respiration,http://aims.fao.org/aos/agrovoc/c_9421,soil biological properties
https://soilwise-he.github.io/soil-health#Nutrients,nutrients,http://aims.fao.org/aos/agrovoc/c_5274,soil chemical properties
https://soilwise-he.github.io/soil-health#AggregateStability,aggregate stability,http://opendata.inrae.fr/thesaurusINRAE/c_4714,soil physical properties
https://soilwise-he.github.io/soil-health#SoilErosion,soil erosion,http://opendata.inrae.fr/thesaurusINRAE/c_1543,soil threats
https://soilwise-he.github.io/soil-health#Urbanisation,urbanisation,http://aims.fao.org/aos/agrovoc/c_8088,soil threats
https://soilwise-he.github.io/soil-health#Alfisols,alfisols,http://aims.fao.org/aos/agrovoc/c_4470,soil classification
https://soilwise-he.github.io/soil-health#SoilProperties,soil properties,http://aims.fao.org/aos/agrovoc/c_330883,
https://soilwise-he.github.io/soil-health#SoilFertility,soil fertility,http://aims.fao.org/aos/agrovoc/c_7170,soil functions
https://soilwise-he.github.io/soil-health#FoodProduction,food production,http://aims.fao.org/aos/agrovoc/c_3025,soil functions
https://soilwise-he.github.io/soil-health#Plants,plants,http://aims.fao.org/aos/agrovoc/c_5993,soil biological properties
https://soilwise-he.github.io/soil-health#Vegetation,vegetation,http://aims.fao.org/aos/agrovoc/c_8176,soil biological properties
https://soilwise-he.github.io/soil-health#SoilStability,soil stability,http://opendata.inrae.fr/thesaurusINRAE/c_1400,soil physical properties
https://soilwise-he.github.io/soil-health#EcosystemServices,ecosystem services,http://aims.fao.org/aos/agrovoc/c_1348040570280,soil functions
https://soilwise-he.github.io/soil-health#EnvironmentalDegradation,environmental degradation,http://aims.fao.org/aos/agrovoc/c_34821,soil threats
https://soilwise-he.github.io/soil-health#BulkDensity,bulk density,http://opendata.inrae.fr/thesaurusINRAE/c_991,soil physical properties
https://soilwise-he.github.io/soil-health#SoilNutrientAvailability,soil nutrient availability,,soil chemical properties
https://soilwise-he.github.io/soil-health#PlantResidues,plant residues,http://aims.fao.org/aos/agrovoc/c_16118,soil management
https://soilwise-he.github.io/soil-health#AvailableWaterCapacity,available water capacity,http://opendata.inrae.fr/thesaurusINRAE/c_6446,soil physical properties
https://soilwise-he.github.io/soil-health#CationExchangeCapacity,cation exchange capacity,http://aims.fao.org/aos/agrovoc/c_24981,soil chemical properties
https://soilwise-he.github.io/soil-health#SoilDegradation,soil degradation,http://aims.fao.org/aos/agrovoc/c_7168,soil threats
https://soilwise-he.github.io/soil-health#FoodSecurity,food security,http://aims.fao.org/aos/agrovoc/c_10967,soil functions
https://soilwise-he.github.io/soil-health#WaterInfiltration,water infiltration,,soil physical properties
https://soilwise-he.github.io/soil-health#SoilRestoration,soil restoration,http://opendata.inrae.fr/thesaurusINRAE/c_13140,soil management
https://soilwise-he.github.io/soil-health#WaterConservation,water conservation,http://aims.fao.org/aos/agrovoc/c_8315,soil functions
https://soilwise-he.github.io/soil-health#Compost,compost,http://opendata.inrae.fr/thesaurusINRAE/c_3091,soil management
https://soilwise-he.github.io/soil-health#AirQuality,air quality,http://aims.fao.org/aos/agrovoc/c_a2ef545f,
https://soilwise-he.github.io/soil-health#Biomaterials,biomaterials,,soil management
https://soilwise-he.github.io/soil-health#TerrestrialEcosystems,terrestrial ecosystems,,ecosystem services
https://soilwise-he.github.io/soil-health#Acidification,acidification,http://aims.fao.org/aos/agrovoc/c_90,soil threats
https://soilwise-he.github.io/soil-health#SoilBiodiversity,soil biodiversity,http://opendata.inrae.fr/thesaurusINRAE/c_642,soil functions
https://soilwise-he.github.io/soil-health#Desertification,desertification,http://aims.fao.org/aos/agrovoc/c_2204,soil threats
https://soilwise-he.github.io/soil-health#NutrientDepletion,nutrient depletion,http://aims.fao.org/aos/agrovoc/c_3a9953a5,soil threats
https://soilwise-he.github.io/soil-health#LandDegradation,land degradation,http://aims.fao.org/aos/agrovoc/c_34823,soil threats
https://soilwise-he.github.io/soil-health#EcosystemFunctions,ecosystem functions,,ecosystem services
https://soilwise-he.github.io/soil-health#Contamination,contamination,http://aims.fao.org/aos/agrovoc/c_28317,soil threats
https://soilwise-he.github.io/soil-health#HydrologicalCycle,hydrological cycle,http://aims.fao.org/aos/agrovoc/c_11670,ecosystem services
https://soilwise-he.github.io/soil-health#AgriculturalSubsidies,agricultural subsidies,,economics
https://soilwise-he.github.io/soil-health#Productivity,productivity,http://aims.fao.org/aos/agrovoc/c_6210,soil functions
https://soilwise-he.github.io/soil-health#Cultivation,cultivation,http://aims.fao.org/aos/agrovoc/c_2018,soil management
https://soilwise-he.github.io/soil-health#CarbonStocks,carbon stocks,,soil chemical properties
https://soilwise-he.github.io/soil-health#SoilBiologicalActivity,soil biological activity,http://opendata.inrae.fr/thesaurusINRAE/c_1492,soil biological properties
https://soilwise-he.github.io/soil-health#SoilProtection,soil protection,http://opendata.inrae.fr/thesaurusINRAE/c_3587,soil management
https://soilwise-he.github.io/soil-health#SoilVariability,soil variability,http://opendata.inrae.fr/thesaurusINRAE/c_1190,
https://soilwise-he.github.io/soil-health#SoilFunctionIndicators,soil function indicators,,indicators
https://soilwise-he.github.io/soil-health#EnvironmentalQuality,environmental quality,http://opendata.inrae.fr/thesaurusINRAE/c_4172,
https://soilwise-he.github.io/soil-health#LandProductivity,land productivity,http://aims.fao.org/aos/agrovoc/c_4176,
https://soilwise-he.github.io/soil-health#SewageSludge,sewage sludge,http://aims.fao.org/aos/agrovoc/c_7008,soil management
https://soilwise-he.github.io/soil-health#Antibiotics,antibiotics,http://aims.fao.org/aos/agrovoc/c_492,soil threats
https://soilwise-he.github.io/soil-health#WaterPurification,water purification,http://aims.fao.org/aos/agrovoc/c_34145,soil functions
https://soilwise-he.github.io/soil-health#SoilCover,soil cover,http://opendata.inrae.fr/thesaurusINRAE/c_470,
https://soilwise-he.github.io/soil-health#WindErosionRate,wind erosion rate,,soil threats
https://soilwise-he.github.io/soil-health#RegulatingServices,regulating services,http://aims.fao.org/aos/agrovoc/c_eff3625d,ecosystem services
https://soilwise-he.github.io/soil-health#DegradedSoils,degraded soils,,soil threats
https://soilwise-he.github.io/soil-health#Digestate,digestate,http://aims.fao.org/aos/agrovoc/c_4af94ce2,soil management
https://soilwise-he.github.io/soil-health#BiologicalProductivity,biological productivity,,
https://soilwise-he.github.io/soil-health#SoilSealing,soil sealing,http://aims.fao.org/aos/agrovoc/c_f9554e7c,soil threats
https://soilwise-he.github.io/soil-health#SoilTemperatureFluctuations,soil temperature fluctuations,,soil physical properties
https://soilwise-he.github.io/soil-health#SoilCarbonStocks,soil carbon stocks,,soil chemical properties
https://soilwise-he.github.io/soil-health#SoilRehabilitation,soil rehabilitation,https://data.geoscience.earth/ncl/ISO11074v2025/3.469,soil management
https://soilwise-he.github.io/soil-health#AnimalHealth,animal health,http://aims.fao.org/aos/agrovoc/c_431,
https://soilwise-he.github.io/soil-health#BiochemicalProcesses,biochemical processes,http://aims.fao.org/aos/agrovoc/c_331094,soil processes
https://soilwise-he.github.io/soil-health#HumanHealth,human health,http://aims.fao.org/aos/agrovoc/c_c722a312,
https://soilwise-he.github.io/soil-health#TerrestrialLayer,terrestrial layer,,
https://soilwise-he.github.io/soil-health#SoilExcavation,soil excavation,,soil threats
https://soilwise-he.github.io/soil-health#SoilPhysicalDegradation,soil physical degradation,,soil threats
https://soilwise-he.github.io/soil-health#Entisols,entisols,http://aims.fao.org/aos/agrovoc/c_b10d627e,soil classification
https://soilwise-he.github.io/soil-health#SoilFunctioning,soil functioning,,soil processes
https://soilwise-he.github.io/soil-health#SoilParameters,soil parameters,,
https://soilwise-he.github.io/soil-health#ClimateResilience,climate resilience,http://aims.fao.org/aos/agrovoc/c_8a6031d8,soil functions
https://soilwise-he.github.io/soil-health#AnimalManure,animal manure,http://www.eionet.europa.eu/gemet/concept/432,soil management
https://soilwise-he.github.io/soil-health#SurfaceRunoff,surface run-off,,
https://soilwise-he.github.io/soil-health#Manganese,manganese,http://aims.fao.org/aos/agrovoc/c_4570,soil chemical properties
https://soilwise-he.github.io/soil-health#SpeciesDiversity,species diversity,http://aims.fao.org/aos/agrovoc/c_00ba8c53,soil functions
https://soilwise-he.github.io/soil-health#CropYields,crop yields,,soil functions
https://soilwise-he.github.io/soil-health#SoilAcidification,soil acidification,http://opendata.inrae.fr/thesaurusINRAE/c_900,soil threats
https://soilwise-he.github.io/soil-health#AcidPrecipitation,acidic precipitation,,soil threats
https://soilwise-he.github.io/soil-health#SandySoils,sandy soils,http://aims.fao.org/aos/agrovoc/c_6781,soil classification
https://soilwise-he.github.io/soil-health#FibreProduction,fibre production,,
https://soilwise-he.github.io/soil-health#Necromass,necromass,,soil biological properties
https://soilwise-he.github.io/soil-health#Liming,liming,http://aims.fao.org/aos/agrovoc/c_25206,soil management
https://soilwise-he.github.io/soil-health#Waterlogging,waterlogging,http://aims.fao.org/aos/agrovoc/c_8333,soil threats
https://soilwise-he.github.io/soil-health#CropResidueInput,crop residue input,,soil management
https://soilwise-he.github.io/soil-health#PlantNutrients,plant nutrients,,soil functions
https://soilwise-he.github.io/soil-health#Macronutrients,macronutrients,http://aims.fao.org/aos/agrovoc/c_5dbd59ad,soil functions
https://soilwise-he.github.io/soil-health#Sulphur,sulphur,http://aims.fao.org/aos/agrovoc/c_7514,soil chemical properties
https://soilwise-he.github.io/soil-health#Subsoil,subsoil,http://aims.fao.org/aos/agrovoc/c_7486,
https://soilwise-he.github.io/soil-health#Boron,boron,http://aims.fao.org/aos/agrovoc/c_1018,soil chemical properties
https://soilwise-he.github.io/soil-health#LandCoverChange,land cover change,http://aims.fao.org/aos/agrovoc/c_9000093,soil functions
https://soilwise-he.github.io/soil-health#Copper,copper,http://aims.fao.org/aos/agrovoc/c_1868,soil chemical properties
https://soilwise-he.github.io/soil-health#CriticalConcentrations,critical concentrations,,
https://soilwise-he.github.io/soil-health#HydraulicConductivity,hydraulic conductivity,http://aims.fao.org/aos/agrovoc/c_25579,soil physical properties
https://soilwise-he.github.io/soil-health#CompactionSusceptibility,compaction susceptibility,,soil physical properties
https://soilwise-he.github.io/soil-health#NaturalSoils,natural soils,,soil classification
https://soilwise-he.github.io/soil-health#SoilAnimalDiversity,soil animal diversity,,soil biological properties
https://soilwise-he.github.io/soil-health#Iron,iron,http://aims.fao.org/aos/agrovoc/c_3950,soil chemical properties
https://soilwise-he.github.io/soil-health#SOCLosses,soil organic carbon losses,,soil threats
https://soilwise-he.github.io/soil-health#NutrientTurnover,nutrient turnover,,soil biological properties
https://soilwise-he.github.io/soil-health#RainwaterInfiltration,rainwater infiltration,,soil physical properties
https://soilwise-he.github.io/soil-health#AgriculturalSoils,agricultural soils,http://aims.fao.org/aos/agrovoc/c_33934,soil classification
https://soilwise-he.github.io/soil-health#SoilCrusting,soil crusting,,
https://soilwise-he.github.io/soil-health#Urea,urea,http://aims.fao.org/aos/agrovoc/c_8090,soil chemical properties
https://soilwise-he.github.io/soil-health#SoilCompaction,soil compaction,http://aims.fao.org/aos/agrovoc/c_7163,soil threats
https://soilwise-he.github.io/soil-health#Molybdenum,molybdenum,http://aims.fao.org/aos/agrovoc/c_4901,soil chemical properties
https://soilwise-he.github.io/soil-health#NitricAcid,nitric acid,http://aims.fao.org/aos/agrovoc/c_5188,soil chemical properties
https://soilwise-he.github.io/soil-health#Disturbance,disturbance,http://aims.fao.org/aos/agrovoc/c_cbe171b4,soil threats
https://soilwise-he.github.io/soil-health#FunctionalGroups,functional groups,,
https://soilwise-he.github.io/soil-health#Ammonia,ammonia,http://aims.fao.org/aos/agrovoc/c_349,soil chemical properties
https://soilwise-he.github.io/soil-health#AmmoniumBasedFertilizers,ammonium-based fertilisers,,soil management
https://soilwise-he.github.io/soil-health#Drainage,drainage,http://aims.fao.org/aos/agrovoc/c_2372,soil physical properties
https://soilwise-he.github.io/soil-health#SoilConditions,soil conditions,,
https://soilwise-he.github.io/soil-health#TillageErosion,tillage erosion,http://aims.fao.org/aos/agrovoc/c_924f2195,soil threats
https://soilwise-he.github.io/soil-health#BaseCations,base cations,,soil chemical properties
https://soilwise-he.github.io/soil-health#BiomassProduction,biomass production,http://aims.fao.org/aos/agrovoc/c_adfffd29,soil biological properties
https://soilwise-he.github.io/soil-health#Cadmium,cadmium,http://aims.fao.org/aos/agrovoc/c_1178,soil chemical properties
https://soilwise-he.github.io/soil-health#NitrousOxide,nitrous oxide,http://aims.fao.org/aos/agrovoc/c_12838,soil chemical properties
https://soilwise-he.github.io/soil-health#AmmoniumNitrogen,ammonium nitrogen,http://aims.fao.org/aos/agrovoc/c_37457,soil chemical properties
https://soilwise-he.github.io/soil-health#Potassium,potassium,http://aims.fao.org/aos/agrovoc/c_6139,soil chemical properties
https://soilwise-he.github.io/soil-health#RegionalConditions,regional conditions,,
https://soilwise-he.github.io/soil-health#Sedimentation,sedimentation,http://aims.fao.org/aos/agrovoc/c_6926,soil processes
https://soilwise-he.github.io/soil-health#AbioticEnvironment,abiotic environment,http://www.eionet.europa.eu/gemet/concept/10193,
https://soilwise-he.github.io/soil-health#EnvironmentalCompartments,environmental compartments,,soil biological properties
https://soilwise-he.github.io/soil-health#Magnesium,magnesium,http://aims.fao.org/aos/agrovoc/c_4517,soil chemical properties
https://soilwise-he.github.io/soil-health#Aluminium,aluminium,http://aims.fao.org/aos/agrovoc/c_317,soil chemical properties
https://soilwise-he.github.io/soil-health#ForestSoils,forest soils,http://aims.fao.org/aos/agrovoc/c_3051,soil classification
https://soilwise-he.github.io/soil-health#Contaminants,contaminants,http://aims.fao.org/aos/agrovoc/c_4ba65a4a,soil threats
https://soilwise-he.github.io/soil-health#Microbiome,microbiome,http://opendata.inrae.fr/thesaurusINRAE/c_7751,soil biological properties
https://soilwise-he.github.io/soil-health#Zinc,zinc,http://aims.fao.org/aos/agrovoc/c_8517,soil chemical properties
https://soilwise-he.github.io/soil-health#Nitrate,nitrate,http://opendata.inrae.fr/thesaurusINRAE/c_15698,soil chemical properties
https://soilwise-he.github.io/soil-health#EcosystemFunctioning,ecosystem functioning,http://opendata.inrae.fr/thesaurusINRAE/c_8630,ecosystem services
https://soilwise-he.github.io/soil-health#Methane,methane,http://aims.fao.org/aos/agrovoc/c_4784,soil chemical properties
https://soilwise-he.github.io/soil-health#Infrastructure,infrastructure,http://aims.fao.org/aos/agrovoc/c_26790,
https://soilwise-he.github.io/soil-health#Rooting,rooting,http://aims.fao.org/aos/agrovoc/c_6649,soil biological properties
https://soilwise-he.github.io/soil-health#SoilOrganisms,soil organisms,http://aims.fao.org/aos/agrovoc/c_33552,soil biological properties
https://soilwise-he.github.io/soil-health#Calcium,calcium,http://aims.fao.org/aos/agrovoc/c_1196,soil chemical properties
https://soilwise-he.github.io/soil-health#GreenhouseGasEmissions,greenhouse gas emissions,http://aims.fao.org/aos/agrovoc/c_36198c2c,soil processes
https://soilwise-he.github.io/soil-health#EnergyTransformations,energy transformations,,ecosystem services
https://soilwise-he.github.io/soil-health#AnthropogenicErosion,anthropogenic erosion,,soil threats
https://soilwise-he.github.io/soil-health#HighNutrientStatus,high nutrient status,,soil functions
https://soilwise-he.github.io/soil-health#Forests,forests,http://aims.fao.org/aos/agrovoc/c_3062,
https://soilwise-he.github.io/soil-health#Leaf,leaf,http://opendata.inrae.fr/thesaurusINRAE/c_9020,
https://soilwise-he.github.io/soil-health#ChemicalStability,chemical stability,http://opendata.inrae.fr/thesaurusINRAE/c_13230,
https://soilwise-he.github.io/soil-health#Ploughing,ploughing,http://opendata.inrae.fr/thesaurusINRAE/c_3992,
https://soilwise-he.github.io/soil-health#EnvironmentalFactors,environmental factors,http://aims.fao.org/aos/agrovoc/c_2594,
https://soilwise-he.github.io/soil-health#SoilLoss,soil loss,http://aims.fao.org/aos/agrovoc/c_8dab65bc,
https://soilwise-he.github.io/soil-health#AromaticHydrocarbons,aromatic hydrocarbons,http://aims.fao.org/aos/agrovoc/c_28994,
https://soilwise-he.github.io/soil-health#DryCleaning,dry cleaning,http://www.eionet.europa.eu/gemet/concept/2358,
https://soilwise-he.github.io/soil-health#Podzols,Podzols,http://aims.fao.org/aos/agrovoc/c_6044,
https://soilwise-he.github.io/soil-health#Mites,mites,http://aims.fao.org/aos/agrovoc/c_d1532eb7,
https://soilwise-he.github.io/soil-health#Farmers,farmers,http://aims.fao.org/aos/agrovoc/c_2805,
https://soilwise-he.github.io/soil-health#Action,action,,
https://soilwise-he.github.io/soil-health#OrganicManagement,organic management,,
https://soilwise-he.github.io/soil-health#HeavyRainfall,heavy rainfall,,
https://soilwise-he.github.io/soil-health#NitrogenAvailability,nitrogen availability,http://opendata.inrae.fr/thesaurusINRAE/c_2417,
https://soilwise-he.github.io/soil-health#Crops,crops,http://aims.fao.org/aos/agrovoc/c_1972,
https://soilwise-he.github.io/soil-health#SoilNutrientAccumulation,soil nutrient accumulation,,
https://soilwise-he.github.io/soil-health#AdjacentProperties,adjacent properties,,
https://soilwise-he.github.io/soil-health#Bioturbation,bioturbation,http://aims.fao.org/aos/agrovoc/c_a3354940,
https://soilwise-he.github.io/soil-health#SoilBiota,soil biota,http://opendata.inrae.fr/thesaurusINRAE/c_5825,
https://soilwise-he.github.io/soil-health#Field,field,http://opendata.inrae.fr/thesaurusINRAE/c_1679,
https://soilwise-he.github.io/soil-health#SoilPorosity,soil porosity,http://aims.fao.org/aos/agrovoc/c_35320,
https://soilwise-he.github.io/soil-health#NitrogenDynamics,nitrogen dynamics,http://opendata.inrae.fr/thesaurusINRAE/c_15661,
https://soilwise-he.github.io/soil-health#Collembola,collembola,http://aims.fao.org/aos/agrovoc/c_1759,
https://soilwise-he.github.io/soil-health#CDynamics,C dynamics,,
https://soilwise-he.github.io/soil-health#SoilFlora,soil flora,http://aims.fao.org/aos/agrovoc/c_7172,
https://soilwise-he.github.io/soil-health#GasExchange,gas exchange,http://aims.fao.org/aos/agrovoc/c_11098,
https://soilwise-he.github.io/soil-health#SoilNitrogen,soil nitrogen,http://opendata.inrae.fr/thesaurusINRAE/c_13527,
https://soilwise-he.github.io/soil-health#Food,food,http://www.eionet.europa.eu/gemet/concept/3354,
https://soilwise-he.github.io/soil-health#VOCs,volatile organic compounds,,
https://soilwise-he.github.io/soil-health#Tillage,tillage,http://aims.fao.org/aos/agrovoc/c_7771,
https://soilwise-he.github.io/soil-health#Stratification,stratification,http://aims.fao.org/aos/agrovoc/c_2d2ea4aa,
https://soilwise-he.github.io/soil-health#Intensity,intensity,,
https://soilwise-he.github.io/soil-health#Chlorophyll,chlorophyll,http://opendata.inrae.fr/thesaurusINRAE/c_8416,
https://soilwise-he.github.io/soil-health#HeavyMetalStorage,heavy metal storage,,
https://soilwise-he.github.io/soil-health#AnimalTrampling,animal trampling,,
https://soilwise-he.github.io/soil-health#ForestLand,forest land,http://aims.fao.org/aos/agrovoc/c_24843,
https://soilwise-he.github.io/soil-health#ShearStrength,shear strength,http://aims.fao.org/aos/agrovoc/c_9d2ec51c,
https://soilwise-he.github.io/soil-health#SoilNutrients,soil nutrients,,
https://soilwise-he.github.io/soil-health#MicrobialCommunityStructure,microbial community structure,,
https://soilwise-he.github.io/soil-health#BulkSoils,bulk soils,,
https://soilwise-he.github.io/soil-health#SaturatedHydraulicConductivity,saturated hydraulic conductivity,,
https://soilwise-he.github.io/soil-health#Size,size,http://aims.fao.org/aos/agrovoc/c_7093,
https://soilwise-he.github.io/soil-health#Abundance,abundance,http://aims.fao.org/aos/agrovoc/c_da20e6b6,
https://soilwise-he.github.io/soil-health#Earthworms,earthworms,http://aims.fao.org/aos/agrovoc/c_29109,
https://soilwise-he.github.io/soil-health#ShearEffects,shear effects,,
https://soilwise-he.github.io/soil-health#NutrientUptake,nutrient uptake,http://aims.fao.org/aos/agrovoc/c_5273,
https://soilwise-he.github.io/soil-health#SOCDecomposition,SOC decomposition,,
https://soilwise-he.github.io/soil-health#ProtectedAreas,protected areas,http://aims.fao.org/aos/agrovoc/c_37952,
https://soilwise-he.github.io/soil-health#ManureApplication,manure application,,
https://soilwise-he.github.io/soil-health#SOCSequestrationPotentials,SOC sequestration potentials,,
https://soilwise-he.github.io/soil-health#ChemicalPersistence,chemical persistence,,
https://soilwise-he.github.io/soil-health#Root,root,http://opendata.inrae.fr/thesaurusINRAE/c_9503,
https://soilwise-he.github.io/soil-health#SelectedOrganicCompounds,organic compounds,http://aims.fao.org/aos/agrovoc/c_5384,
https://soilwise-he.github.io/soil-health#FertiliserApplication,fertiliser application,http://aims.fao.org/aos/agrovoc/c_10795,
https://soilwise-he.github.io/soil-health#RiverFloodplainSoils,river floodplain soils,,
https://soilwise-he.github.io/soil-health#PAccumulation,P accumulation,,
https://soilwise-he.github.io/soil-health#ArableLand,arable land,http://aims.fao.org/aos/agrovoc/c_18948,
https://soilwise-he.github.io/soil-health#Leptosols,Leptosols,http://aims.fao.org/aos/agrovoc/c_da0af025,
https://soilwise-he.github.io/soil-health#FoodQuality,food quality,http://aims.fao.org/aos/agrovoc/c_10965,
https://soilwise-he.github.io/soil-health#LandUseEfficiency,land use efficiency,,
https://soilwise-he.github.io/soil-health#Process,process,,
https://soilwise-he.github.io/soil-health#MountainAreas,mountain areas,http://aims.fao.org/aos/agrovoc/c_3614,
https://soilwise-he.github.io/soil-health#Country,country,,
https://soilwise-he.github.io/soil-health#SoilFunctionalCapacity,soil functional capacity,,
https://soilwise-he.github.io/soil-health#Industry,industry,http://aims.fao.org/aos/agrovoc/c_3848,
https://soilwise-he.github.io/soil-health#PhosphorusAmount,phosphorus amount,,
https://soilwise-he.github.io/soil-health#SoilStructure,soil structure,http://aims.fao.org/aos/agrovoc/c_7196,
https://soilwise-he.github.io/soil-health#SoilSealingIndicators,soil sealing indicators,,
https://soilwise-he.github.io/soil-health#SoilpH,soil pH,http://aims.fao.org/aos/agrovoc/c_34901,
https://soilwise-he.github.io/soil-health#HumanBeings,human beings,http://aims.fao.org/aos/agrovoc/c_4586,
https://soilwise-he.github.io/soil-health#SoilOrganicCarbonPool,soil organic carbon pool,,
https://soilwise-he.github.io/soil-health#SoilRemediation,soil remediation,http://opendata.inrae.fr/thesaurusINRAE/c_13554,
https://soilwise-he.github.io/soil-health#NTransformationProcesses,N transformation processes,,
https://soilwise-he.github.io/soil-health#LivestockTrampling,livestock trampling,,
https://soilwise-he.github.io/soil-health#ParentMaterial,parent material,https://data.geoscience.earth/ncl/ISO11074v2025/3.306,
https://soilwise-he.github.io/soil-health#MonitoredNutrients,monitored nutrients,http://aims.fao.org/aos/agrovoc/c_5274,
https://soilwise-he.github.io/soil-health#LandUseIntensity,land use intensity,,
https://soilwise-he.github.io/soil-health#Measurements,measurements,,
https://soilwise-he.github.io/soil-health#NutrientBufferingCapacity,nutrient buffering capacity,,
https://soilwise-he.github.io/soil-health#UnsustainableLandUse,unsustainable land use,,
https://soilwise-he.github.io/soil-health#Peat,peat,http://aims.fao.org/aos/agrovoc/c_5647,
https://soilwise-he.github.io/soil-health#ArableCrops,arable crops,,
https://soilwise-he.github.io/soil-health#Volatility,volatility,http://aims.fao.org/aos/agrovoc/c_24425,
https://soilwise-he.github.io/soil-health#NStorage,N storage,,
https://soilwise-he.github.io/soil-health#SoilContamination,soil contamination,http://opendata.inrae.fr/thesaurusINRAE/c_c62d3822,
https://soilwise-he.github.io/soil-health#Fluxes,fluxes,,
https://soilwise-he.github.io/soil-health#Emissions,emissions,,
https://soilwise-he.github.io/soil-health#SoilPAvailability,soil P availability,,
https://soilwise-he.github.io/soil-health#MineralWeathering,mineral weathering,,
https://soilwise-he.github.io/soil-health#Region,region,http://opendata.inrae.fr/thesaurusINRAE/c_23212,
https://soilwise-he.github.io/soil-health#NLeaching,N leaching,,
https://soilwise-he.github.io/soil-health#CropProduction,crop production,http://aims.fao.org/aos/agrovoc/c_5976,
https://soilwise-he.github.io/soil-health#SustainableSoilManagement,sustainable soil management,,
https://soilwise-he.github.io/soil-health#AgriculturalFields,agricultural fields,,
https://soilwise-he.github.io/soil-health#NDVIMethod,normalised difference vegetation index method,,
https://soilwise-he.github.io/soil-health#RiskAssessment,risk assessment,http://aims.fao.org/aos/agrovoc/c_37932,
https://soilwise-he.github.io/soil-health#Overgrazing,overgrazing,http://aims.fao.org/aos/agrovoc/c_24945,
https://soilwise-he.github.io/soil-health#Deformation,deformation,,
https://soilwise-he.github.io/soil-health#Metals,metals,http://aims.fao.org/aos/agrovoc/c_29036,
https://soilwise-he.github.io/soil-health#DrainedOrganicSoils,drained organic soils,,
https://soilwise-he.github.io/soil-health#CarbonInput,carbon input,,
https://soilwise-he.github.io/soil-health#SpatialGradients,spatial gradients,,
https://soilwise-he.github.io/soil-health#LongtermChange,long-term change,,
https://soilwise-he.github.io/soil-health#PollutedSoils,polluted soils,http://aims.fao.org/aos/agrovoc/c_34324,
https://soilwise-he.github.io/soil-health#CarbonSources,carbon sources,,
https://soilwise-he.github.io/soil-health#Traffic,traffic,http://aims.fao.org/aos/agrovoc/c_37947,
https://soilwise-he.github.io/soil-health#Dinitrogen,dinitrogen,,
https://soilwise-he.github.io/soil-health#CationExchange,cation exchange,http://opendata.inrae.fr/thesaurusINRAE/c_3a30d01b,
https://soilwise-he.github.io/soil-health#Roots,roots,http://aims.fao.org/aos/agrovoc/c_6651,
https://soilwise-he.github.io/soil-health#Metalloids,metalloids,http://aims.fao.org/aos/agrovoc/c_6969,
https://soilwise-he.github.io/soil-health#NutrientLimitations,nutrient limitations,,
https://soilwise-he.github.io/soil-health#Phosphates,phosphates,http://aims.fao.org/aos/agrovoc/c_35986,
https://soilwise-he.github.io/soil-health#ForestNutritionalQuality,forest nutritional quality,,
https://soilwise-he.github.io/soil-health#Permeability,permeability,http://aims.fao.org/aos/agrovoc/c_5718,
https://soilwise-he.github.io/soil-health#NPRatios,N/P ratios,,
https://soilwise-he.github.io/soil-health#AtmosphericDeposition,atmospheric deposition,http://aims.fao.org/aos/agrovoc/c_36094,
https://soilwise-he.github.io/soil-health#Lakes,lakes,http://aims.fao.org/aos/agrovoc/c_4160,
https://soilwise-he.github.io/soil-health#Continent,continent,http://www.eionet.europa.eu/gemet/concept/10148,
https://soilwise-he.github.io/soil-health#SoilFoodWebs,soil food webs,,
https://soilwise-he.github.io/soil-health#Anoxic,anoxic,,
https://soilwise-he.github.io/soil-health#SoilLayers,soil layers,,
https://soilwise-he.github.io/soil-health#Policy,policy,http://opendata.inrae.fr/thesaurusINRAE/c_20186,
https://soilwise-he.github.io/soil-health#Arsenic,arsenic,http://aims.fao.org/aos/agrovoc/c_629,
https://soilwise-he.github.io/soil-health#Podsols,podsols,,
https://soilwise-he.github.io/soil-health#Litter,litter,http://opendata.inrae.fr/thesaurusINRAE/c_4972,
https://soilwise-he.github.io/soil-health#Winter,winter,http://aims.fao.org/aos/agrovoc/c_8410,
https://soilwise-he.github.io/soil-health#Weather,weather,http://aims.fao.org/aos/agrovoc/c_15292,
https://soilwise-he.github.io/soil-health#FunctionalDiversity,functional diversity,http://aims.fao.org/aos/agrovoc/c_7ee18365,
https://soilwise-he.github.io/soil-health#VegetationCover,vegetation cover,http://www.eionet.europa.eu/gemet/concept/8908,
https://soilwise-he.github.io/soil-health#Pastures,pastures,http://aims.fao.org/aos/agrovoc/c_5626,
https://soilwise-he.github.io/soil-health#Runoff,run-off,,
https://soilwise-he.github.io/soil-health#Consumption,consumption,http://aims.fao.org/aos/agrovoc/c_1827,
https://soilwise-he.github.io/soil-health#SoilMicrobialActivity,soil microbial activity,http://opendata.inrae.fr/thesaurusINRAE/c_1144,
https://soilwise-he.github.io/soil-health#Drought,drought,http://aims.fao.org/aos/agrovoc/c_2391,
https://soilwise-he.github.io/soil-health#Drying,drying,http://aims.fao.org/aos/agrovoc/c_2402,
https://soilwise-he.github.io/soil-health#SoilNAvailability,soil N availability,,
https://soilwise-he.github.io/soil-health#AquaticEcosystems,aquatic ecosystems,http://aims.fao.org/aos/agrovoc/c_d0ea8a8e,
https://soilwise-he.github.io/soil-health#CarbonCycle,carbon cycle,http://aims.fao.org/aos/agrovoc/c_17299,
https://soilwise-he.github.io/soil-health#OrganicMaterialQuality,organic material quality,,
https://soilwise-he.github.io/soil-health#Harvesting,harvesting,http://aims.fao.org/aos/agrovoc/c_3500,
https://soilwise-he.github.io/soil-health#Hexachlorobenzene,hexachlorobenzene,http://aims.fao.org/aos/agrovoc/c_31386,
https://soilwise-he.github.io/soil-health#SoilFormation,soil formation,http://opendata.inrae.fr/thesaurusINRAE/c_270,
https://soilwise-he.github.io/soil-health#Waste,waste,http://opendata.inrae.fr/thesaurusINRAE/c_5130,
https://soilwise-he.github.io/soil-health#SoilCarbonStorage,soil carbon storage,,
https://soilwise-he.github.io/soil-health#Algae,algae,http://aims.fao.org/aos/agrovoc/c_258,
https://soilwise-he.github.io/soil-health#TaxonomicCommunityComposition,taxonomic community composition,,
https://soilwise-he.github.io/soil-health#Manure,manure,http://opendata.inrae.fr/thesaurusINRAE/c_2073,
https://soilwise-he.github.io/soil-health#Toluene,toluene,http://aims.fao.org/aos/agrovoc/c_7803,
https://soilwise-he.github.io/soil-health#AgriculturalLandManagement,agricultural land management,http://aims.fao.org/aos/agrovoc/c_4bd6790a,
https://soilwise-he.github.io/soil-health#IntensiveAgriculture,intensive agriculture,http://aims.fao.org/aos/agrovoc/c_3906,
https://soilwise-he.github.io/soil-health#Mercury,mercury,http://aims.fao.org/aos/agrovoc/c_4751,
https://soilwise-he.github.io/soil-health#DiffuseSoilPollution,diffuse soil pollution,,
https://soilwise-he.github.io/soil-health#Backfills,backfills,,
https://soilwise-he.github.io/soil-health#Swimming,swimming,http://aims.fao.org/aos/agrovoc/c_1e56d0a8,
https://soilwise-he.github.io/soil-health#BiologicalActivity,biological activity,http://opendata.inrae.fr/thesaurusINRAE/c_9720,
https://soilwise-he.github.io/soil-health#StressIntensity,stress intensity,,
https://soilwise-he.github.io/soil-health#Forestry,forestry,http://aims.fao.org/aos/agrovoc/c_3055,
https://soilwise-he.github.io/soil-health#ClimateChange,climate change,http://aims.fao.org/aos/agrovoc/c_1666,
https://soilwise-he.github.io/soil-health#Microbes,microbes,http://aims.fao.org/aos/agrovoc/c_4807,
https://soilwise-he.github.io/soil-health#NonagriculturalSystems,non-agricultural systems,,
https://soilwise-he.github.io/soil-health#SurfaceWater,surface water,http://aims.fao.org/aos/agrovoc/c_25317,
https://soilwise-he.github.io/soil-health#Shape,shape,http://aims.fao.org/aos/agrovoc/c_94b6d49a,
https://soilwise-he.github.io/soil-health#Ecology,ecology,http://aims.fao.org/aos/agrovoc/c_2467,
https://soilwise-he.github.io/soil-health#Dioxins,dioxins,http://aims.fao.org/aos/agrovoc/c_33477,
https://soilwise-he.github.io/soil-health#Denitrifiers,de-nitrifiers,,
https://soilwise-he.github.io/soil-health#Micronutrients,micronutrients,http://aims.fao.org/aos/agrovoc/c_7834,
https://soilwise-he.github.io/soil-health#Recultivation,recultivation,,
https://soilwise-he.github.io/soil-health#SoilNContent,soil N content,,
https://soilwise-he.github.io/soil-health#UrbanSprawl,urban sprawl,http://www.eionet.europa.eu/gemet/concept/7625,
https://soilwise-he.github.io/soil-health#Histosols,Histosols,http://aims.fao.org/aos/agrovoc/c_3636,
https://soilwise-he.github.io/soil-health#SoilMicrobialBiomassNitrogen,soil microbial biomass nitrogen,,
https://soilwise-he.github.io/soil-health#GreenhouseGases,greenhouse gases,,
https://soilwise-he.github.io/soil-health#PCBs,polychlorinated biphenyls,http://aims.fao.org/aos/agrovoc/c_24066,
https://soilwise-he.github.io/soil-health#CultivatedSoils,cultivated soils,,
https://soilwise-he.github.io/soil-health#Dams,dams,http://aims.fao.org/aos/agrovoc/c_2121,
https://soilwise-he.github.io/soil-health#RootTurnover,root turnover,,
https://soilwise-he.github.io/soil-health#Leaves,leaves,http://aims.fao.org/aos/agrovoc/c_4243,
https://soilwise-he.github.io/soil-health#Woodland,woodland,http://opendata.inrae.fr/thesaurusINRAE/c_21037,
https://soilwise-he.github.io/soil-health#EcosystemDiversity,ecosystem diversity,http://aims.fao.org/aos/agrovoc/c_33949,
https://soilwise-he.github.io/soil-health#NutrientExcesses,nutrient excesses,http://aims.fao.org/aos/agrovoc/c_34870,
https://soilwise-he.github.io/soil-health#ElectricConductivity,electric conductivity,http://opendata.inrae.fr/thesaurusINRAE/c_14004,
https://soilwise-he.github.io/soil-health#ContinuousLoading,continuous loading,,
https://soilwise-he.github.io/soil-health#FoodChain,food chain,http://www.eionet.europa.eu/gemet/concept/3358,
https://soilwise-he.github.io/soil-health#MediterraneanBasin,Mediterranean basin,,
https://soilwise-he.github.io/soil-health#StoneContent,stone content,,
https://soilwise-he.github.io/soil-health#SoilFaunalCommunities,soil faunal communities,,
https://soilwise-he.github.io/soil-health#SoilDistributions,soil distributions,,
https://soilwise-he.github.io/soil-health#DrierConditions,drier conditions,,
https://soilwise-he.github.io/soil-health#Trichloroethylene,trichloroethylene,http://opendata.inrae.fr/thesaurusINRAE/c_2988a390,
https://soilwise-he.github.io/soil-health#Structure,structure,,
https://soilwise-he.github.io/soil-health#PollutionPatternAnalyses,pollution pattern analyses,,
https://soilwise-he.github.io/soil-health#Modelling,modelling,,
https://soilwise-he.github.io/soil-health#SubstrateinducedRespiration,substrate-induced respiration,https://data.geoscience.earth/ncl/ISO11074v2025/3.510,
https://soilwise-he.github.io/soil-health#AgriculturalLandUses,agricultural land uses,,
https://soilwise-he.github.io/soil-health#NFertilisation,N fertilisation,,
https://soilwise-he.github.io/soil-health#PlatyStructure,platy structure,,
https://soilwise-he.github.io/soil-health#SoilAggregateStability,soil aggregate stability,,
https://soilwise-he.github.io/soil-health#DecompositionStatus,decomposition status,,
https://soilwise-he.github.io/soil-health#Acids,acids,http://aims.fao.org/aos/agrovoc/c_92,
https://soilwise-he.github.io/soil-health#Landslides,landslides,http://aims.fao.org/aos/agrovoc/c_4187,
https://soilwise-he.github.io/soil-health#SoilSalinisation,soil salinisation,,
https://soilwise-he.github.io/soil-health#DeciduousForests,deciduous forests,http://aims.fao.org/aos/agrovoc/c_1100,
https://soilwise-he.github.io/soil-health#NUptake,N uptake,,
https://soilwise-he.github.io/soil-health#RootCrops,root crops,http://aims.fao.org/aos/agrovoc/c_6641,
https://soilwise-he.github.io/soil-health#Adsorption,adsorption,http://aims.fao.org/aos/agrovoc/c_137,
https://soilwise-he.github.io/soil-health#Luvisols,Luvisols,http://aims.fao.org/aos/agrovoc/c_4470,
https://soilwise-he.github.io/soil-health#SustainableIrrigation,sustainable irrigation,,
https://soilwise-he.github.io/soil-health#Oxides,oxides,http://aims.fao.org/aos/agrovoc/c_5473,
https://soilwise-he.github.io/soil-health#CAPIndicators,CAP indicators,,
https://soilwise-he.github.io/soil-health#TreeGrowth,tree growth,http://opendata.inrae.fr/thesaurusINRAE/c_6006,
https://soilwise-he.github.io/soil-health#SoilContaminants,soil contaminants,,
https://soilwise-he.github.io/soil-health#NutrientStorage,nutrient storage,,
https://soilwise-he.github.io/soil-health#MechanicalProperties,mechanical properties,http://aims.fao.org/aos/agrovoc/c_4683,
https://soilwise-he.github.io/soil-health#BelowgroundCompartment,below-ground compartment,,
https://soilwise-he.github.io/soil-health#NImmobilisation,N immobilisation,,
https://soilwise-he.github.io/soil-health#Wind,wind,http://opendata.inrae.fr/thesaurusINRAE/c_11505,
https://soilwise-he.github.io/soil-health#FreezeThawCycles,freeze-thaw cycles,,
https://soilwise-he.github.io/soil-health#SoilTemperature,soil temperature,http://aims.fao.org/aos/agrovoc/c_7197,
https://soilwise-he.github.io/soil-health#StaticStress,static stress,,
https://soilwise-he.github.io/soil-health#CommercialAreas,commercial areas,,
https://soilwise-he.github.io/soil-health#PWeathering,P weathering,,
https://soilwise-he.github.io/soil-health#AminoAcids,amino acids,http://aims.fao.org/aos/agrovoc/c_342,
https://soilwise-he.github.io/soil-health#NDeposition,N deposition,,
https://soilwise-he.github.io/soil-health#AirExchange,air exchange,,
https://soilwise-he.github.io/soil-health#DrainageSystems,drainage systems,http://aims.fao.org/aos/agrovoc/c_25331,
https://soilwise-he.github.io/soil-health#Eubacteria,eubacteria,http://aims.fao.org/aos/agrovoc/c_765,
https://soilwise-he.github.io/soil-health#SoilStructureDegradation,soil structure degradation,,
https://soilwise-he.github.io/soil-health#NDynamics,N dynamics,,
https://soilwise-he.github.io/soil-health#IntensiveLandUse,intensive land use,http://aims.fao.org/aos/agrovoc/c_36551,
https://soilwise-he.github.io/soil-health#SoilPhysicalFunctions,soil physical functions,,
https://soilwise-he.github.io/soil-health#ArableCroppingSystems,arable cropping systems,,
https://soilwise-he.github.io/soil-health#OrganicPollutants,organic pollutants,,
https://soilwise-he.github.io/soil-health#MatricPotential,matric potential,,
https://soilwise-he.github.io/soil-health#SoilTypes,soil types,http://aims.fao.org/aos/agrovoc/c_7204,
https://soilwise-he.github.io/soil-health#HighPersistence,high persistence,,
https://soilwise-he.github.io/soil-health#Regosols,Regosols,http://aims.fao.org/aos/agrovoc/c_6492,
https://soilwise-he.github.io/soil-health#EnvironmentalConditions,environmental conditions,http://aims.fao.org/aos/agrovoc/c_2594,
https://soilwise-he.github.io/soil-health#SoilDegradationProcess,soil degradation process,,
https://soilwise-he.github.io/soil-health#LargeScaleModelling,large-scale modelling,,
https://soilwise-he.github.io/soil-health#SoilPollutants,soil pollutants,http://aims.fao.org/aos/agrovoc/c_e9c250f9,
https://soilwise-he.github.io/soil-health#HeavyMetals,heavy metals,http://aims.fao.org/aos/agrovoc/c_2223,
https://soilwise-he.github.io/soil-health#MicronutrientAvailability,micronutrient availability,,
https://soilwise-he.github.io/soil-health#AmmoniaOxidisers,ammonia oxidisers,,
https://soilwise-he.github.io/soil-health#WaterRegulation,water regulation,,
https://soilwise-he.github.io/soil-health#FoodCrops,food crops,http://aims.fao.org/aos/agrovoc/c_3017,
https://soilwise-he.github.io/soil-health#MicrobialImmobilisation,microbial immobilisation,,
https://soilwise-he.github.io/soil-health#ManagementRegime,management regime,,
https://soilwise-he.github.io/soil-health#Microplastics,microplastics,http://aims.fao.org/aos/agrovoc/c_ccc97cab,
https://soilwise-he.github.io/soil-health#Wood,wood,http://aims.fao.org/aos/agrovoc/c_8421,
https://soilwise-he.github.io/soil-health#MicrobialCarbon,microbial carbon,,
https://soilwise-he.github.io/soil-health#Gullies,gullies,,
https://soilwise-he.github.io/soil-health#Mineralisation,mineralisation,http://www.eionet.europa.eu/gemet/concept/5269,
https://soilwise-he.github.io/soil-health#PeatSoils,peat soils,http://aims.fao.org/aos/agrovoc/c_5648,
https://soilwise-he.github.io/soil-health#MonitoredHeavyMetals,monitored heavy metals,http://aims.fao.org/aos/agrovoc/c_2223,
https://soilwise-he.github.io/soil-health#Soils,soils,,
https://soilwise-he.github.io/soil-health#SoilCarbonLoss,soil carbon loss,,
https://soilwise-he.github.io/soil-health#StandardDocumentation,standard documentation,,
https://soilwise-he.github.io/soil-health#GrowingSeason,growing season,,
https://soilwise-he.github.io/soil-health#NitrateN,nitrate N,,
https://soilwise-he.github.io/soil-health#PlantGrowth,plant growth,http://aims.fao.org/aos/agrovoc/c_08842b17,
https://soilwise-he.github.io/soil-health#MicroarthropodAmount,microarthropod amount,,
https://soilwise-he.github.io/soil-health#AgriculturalPractices,agricultural practices,http://aims.fao.org/aos/agrovoc/c_49913,
https://soilwise-he.github.io/soil-health#IndustrialAreas,industrial areas,,
https://soilwise-he.github.io/soil-health#SoilHydrology,soil hydrology,http://aims.fao.org/aos/agrovoc/c_79e2033c,
https://soilwise-he.github.io/soil-health#Precipitation,precipitation,http://aims.fao.org/aos/agrovoc/c_6161,
https://soilwise-he.github.io/soil-health#BiologicalIndicators,biological indicators,http://aims.fao.org/aos/agrovoc/c_25632,
https://soilwise-he.github.io/soil-health#SoilHorizons,soil horizons,http://aims.fao.org/aos/agrovoc/c_32749,
https://soilwise-he.github.io/soil-health#SoilBiodiversityLoss,biodiversity loss,http://opendata.inrae.fr/thesaurusINRAE/c_abeaf838,
https://soilwise-he.github.io/soil-health#HumidTemperateClimates,humid temperate climates,,
https://soilwise-he.github.io/soil-health#ClimateChangeMitigation,climate change mitigation,http://aims.fao.org/aos/agrovoc/c_1374571087594,
https://soilwise-he.github.io/soil-health#Microorganisms,microorganisms,http://aims.fao.org/aos/agrovoc/c_4807,
https://soilwise-he.github.io/soil-health#Sodification,sodification,,
https://soilwise-he.github.io/soil-health#SensitiveSoils,sensitive soils,,
https://soilwise-he.github.io/soil-health#Eutrophication,eutrophication,http://aims.fao.org/aos/agrovoc/c_2734,
https://soilwise-he.github.io/soil-health#PrimaryProductivity,primary productivity,http://aims.fao.org/aos/agrovoc/c_34328,
https://soilwise-he.github.io/soil-health#MicrobialCommunityComposition,microbial community composition,,
https://soilwise-he.github.io/soil-health#FodderCrops,fodder crops,http://aims.fao.org/aos/agrovoc/c_2829,
https://soilwise-he.github.io/soil-health#Foliage,foliage,http://aims.fao.org/aos/agrovoc/c_36752,
https://soilwise-he.github.io/soil-health#Cobalt,cobalt,http://aims.fao.org/aos/agrovoc/c_1702,
https://soilwise-he.github.io/soil-health#NitricOxide,nitric oxide,http://aims.fao.org/aos/agrovoc/c_36996,
https://soilwise-he.github.io/soil-health#ToxicityTesting,toxicity testing,,
https://soilwise-he.github.io/soil-health#PlantNutrientLeaching,plant nutrient leaching,,
https://soilwise-he.github.io/soil-health#ClimateRegulation,climate regulation,http://www.eionet.europa.eu/gemet/concept/15098,
https://soilwise-he.github.io/soil-health#MetalTransfer,metal transfer,http://opendata.inrae.fr/thesaurusINRAE/c_15768,
https://soilwise-he.github.io/soil-health#SoilNitrogenLosses,soil nitrogen losses,,
https://soilwise-he.github.io/soil-health#Rivers,rivers,http://aims.fao.org/aos/agrovoc/c_6617,
https://soilwise-he.github.io/soil-health#RedoxPotential,redox potential,http://aims.fao.org/aos/agrovoc/c_6482,
https://soilwise-he.github.io/soil-health#NLimitation,N limitation,,
https://soilwise-he.github.io/soil-health#ExposureModels,exposure models,,
https://soilwise-he.github.io/soil-health#Hyphae,hyphae,https://data.geoscience.earth/ncl/ISO11074v2025/3.212,
https://soilwise-he.github.io/soil-health#Ammonium,ammonium,http://aims.fao.org/aos/agrovoc/c_32634,
https://soilwise-he.github.io/soil-health#Buildings,buildings,http://aims.fao.org/aos/agrovoc/c_1142,
https://soilwise-he.github.io/soil-health#MineralSoils,mineral soils,http://aims.fao.org/aos/agrovoc/c_4853,
https://soilwise-he.github.io/soil-health#NutrientRelease,nutrient release,,
https://soilwise-he.github.io/soil-health#Grassland,grassland,http://opendata.inrae.fr/thesaurusINRAE/c_6e7e381e,
https://soilwise-he.github.io/soil-health#WaterStorage,water storage,http://aims.fao.org/aos/agrovoc/c_8327,
https://soilwise-he.github.io/soil-health#CarbonPool,carbon pool,,
https://soilwise-he.github.io/soil-health#NaturalProcesses,natural processes,,
https://soilwise-he.github.io/soil-health#SoilAggregation,soil aggregation,http://opendata.inrae.fr/thesaurusINRAE/c_1354,
https://soilwise-he.github.io/soil-health#ForestGrowth,forest growth,http://aims.fao.org/aos/agrovoc/c_c0e4ff0e,
https://soilwise-he.github.io/soil-health#SoilCommunityHealth,soil community health,,
https://soilwise-he.github.io/soil-health#LowNutrientContent,low nutrient content,,
https://soilwise-he.github.io/soil-health#YieldDevelopment,yield development,,
https://soilwise-he.github.io/soil-health#EcosystemStability,ecosystem stability,http://www.eionet.europa.eu/gemet/concept/15139,
https://soilwise-he.github.io/soil-health#Habitat,habitat,http://www.eionet.europa.eu/gemet/concept/3808,
https://soilwise-he.github.io/soil-health#HumanActivities,human activities,,
https://soilwise-he.github.io/soil-health#EcologicalProcesses,ecological processes,,
https://soilwise-he.github.io/soil-health#NonagriculturalEcosystems,non-agricultural ecosystems,,
https://soilwise-he.github.io/soil-health#SOCChemicalComposition,SOC chemical composition,,
https://soilwise-he.github.io/soil-health#NaturalAreas,natural areas,,
https://soilwise-he.github.io/soil-health#SoilSensitivity,soil sensitivity,,
https://soilwise-he.github.io/soil-health#Amoebae,amoebae,,
https://soilwise-he.github.io/soil-health#NitrogenousFertiliserNeed,nitrogenous fertiliser need,,
https://soilwise-he.github.io/soil-health#ForestEcosystems,forest ecosystems,http://aims.fao.org/aos/agrovoc/c_1374842133961,
https://soilwise-he.github.io/soil-health#Catchments,catchments,http://aims.fao.org/aos/agrovoc/c_8334,
https://soilwise-he.github.io/soil-health#Flooding,flooding,http://aims.fao.org/aos/agrovoc/c_2980,
https://soilwise-he.github.io/soil-health#CarbonAvailability,carbon availability,,
https://soilwise-he.github.io/soil-health#FunctionalMethods,functional methods,,
https://soilwise-he.github.io/soil-health#ArableCropping,arable cropping,,
https://soilwise-he.github.io/soil-health#SOMCNRatio,SOM C/N ratio,,
https://soilwise-he.github.io/soil-health#TillageDepth,tillage depth,http://aims.fao.org/aos/agrovoc/c_d349db98,
https://soilwise-he.github.io/soil-health#SoilPStatus,soil P status,,
https://soilwise-he.github.io/soil-health#RegionalSoilMapping,regional soil mapping,,
https://soilwise-he.github.io/soil-health#SoilMicrobialRespiration,soil microbial respiration,,
https://soilwise-he.github.io/soil-health#Yield,yield,,
https://soilwise-he.github.io/soil-health#SoilAggregates,soil aggregates,http://aims.fao.org/aos/agrovoc/c_7195,
https://soilwise-he.github.io/soil-health#Pollutant,pollutant,http://opendata.inrae.fr/thesaurusINRAE/c_4274,
https://soilwise-he.github.io/soil-health#Necrosols,necrosols,,
https://soilwise-he.github.io/soil-health#Incubation,incubation,,
https://soilwise-he.github.io/soil-health#Groundwater,groundwater,http://aims.fao.org/aos/agrovoc/c_3391,
https://soilwise-he.github.io/soil-health#UnsustainableLandManagement,unsustainable land management,,
https://soilwise-he.github.io/soil-health#SoilPhosphorus,soil phosphorus,http://opendata.inrae.fr/thesaurusINRAE/c_13588,
https://soilwise-he.github.io/soil-health#OrganicHorizons,organic horizons,http://aims.fao.org/aos/agrovoc/c_a4326722,
https://soilwise-he.github.io/soil-health#NutrientConcentrationAnalysis,nutrient concentration analysis,,
https://soilwise-he.github.io/soil-health#UrbanFabric,urban fabric,,
https://soilwise-he.github.io/soil-health#PlantAvailableNContents,plant available N contents,,
https://soilwise-he.github.io/soil-health#ConiferousForests,coniferous forests,http://aims.fao.org/aos/agrovoc/c_1813,
https://soilwise-he.github.io/soil-health#Bacteria,bacteria,http://aims.fao.org/aos/agrovoc/c_765,
https://soilwise-he.github.io/soil-health#SoilProduction,soil production,,
https://soilwise-he.github.io/soil-health#Clay,clay,http://aims.fao.org/aos/agrovoc/c_15619,
https://soilwise-he.github.io/soil-health#Animals,animals,http://aims.fao.org/aos/agrovoc/c_444,
https://soilwise-he.github.io/soil-health#LitterBags,litter bags,,
https://soilwise-he.github.io/soil-health#SoilPenetrationResistance,soil penetration resistance,http://aims.fao.org/aos/agrovoc/c_d79c08d8,
https://soilwise-he.github.io/soil-health#NLosses,N losses,,
https://soilwise-he.github.io/soil-health#ErodedMaterial,eroded material,,
https://soilwise-he.github.io/soil-health#Taxonomy,taxonomy,http://aims.fao.org/aos/agrovoc/c_7631,
https://soilwise-he.github.io/soil-health#TopsoilDeformation,topsoil deformation,,
https://soilwise-he.github.io/soil-health#NitrogenSources,nitrogen sources,,
https://soilwise-he.github.io/soil-health#Salts,salts,http://aims.fao.org/aos/agrovoc/c_33129,
https://soilwise-he.github.io/soil-health#BacteriaProportion,bacteria proportion,,
https://soilwise-he.github.io/soil-health#NaturalEnvironment,natural environment,http://aims.fao.org/aos/agrovoc/c_331336,
https://soilwise-he.github.io/soil-health#FutureManagement,future management,,
https://soilwise-he.github.io/soil-health#MacroSoilInvertebrates,macro soil invertebrates,,
https://soilwise-he.github.io/soil-health#NaturalFactors,natural factors,,
https://soilwise-he.github.io/soil-health#Slopes,slopes,,
https://soilwise-he.github.io/soil-health#NutrientCycling,nutrient cycling,http://aims.fao.org/aos/agrovoc/c_12869,
https://soilwise-he.github.io/soil-health#Mining,mining,http://aims.fao.org/aos/agrovoc/c_49983,
https://soilwise-he.github.io/soil-health#PhosphorusAvailability,phosphorus availability,http://opendata.inrae.fr/thesaurusINRAE/c_690,
https://soilwise-he.github.io/soil-health#WaterRetention,water retention,http://opendata.inrae.fr/thesaurusINRAE/c_12473,
https://soilwise-he.github.io/soil-health#Mapping,mapping,http://www.eionet.europa.eu/gemet/concept/5013,
https://soilwise-he.github.io/soil-health#Litterfall,litterfall,,
https://soilwise-he.github.io/soil-health#SoilOrganicMatterAdditions,soil organic matter additions,,
https://soilwise-he.github.io/soil-health#Evapotranspiration,evapotranspiration,http://aims.fao.org/aos/agrovoc/c_2741,
https://soilwise-he.github.io/soil-health#SoilParticles,soil particles,,
https://soilwise-he.github.io/soil-health#RootGrowth,root growth,http://opendata.inrae.fr/thesaurusINRAE/c_6851,
https://soilwise-he.github.io/soil-health#Cooling,cooling,http://aims.fao.org/aos/agrovoc/c_1854,
https://soilwise-he.github.io/soil-health#Stabilisation,stabilisation,https://data.geoscience.earth/ncl/ISO11074v2025/3.492,
https://soilwise-he.github.io/soil-health#OrganicFarms,organic farms,,
https://soilwise-he.github.io/soil-health#LandUses,land uses,,
https://soilwise-he.github.io/soil-health#LandUnit,land unit,,
https://soilwise-he.github.io/soil-health#EnzymaticActivity,enzymatic activity,http://aims.fao.org/aos/agrovoc/c_2604,
https://soilwise-he.github.io/soil-health#SoilCarbonCycle,soil carbon cycle,,
https://soilwise-he.github.io/soil-health#DustInfiltration,dust infiltration,,
https://soilwise-he.github.io/soil-health#AirCapacity,air capacity,,
https://soilwise-he.github.io/soil-health#YieldResponse,yield response,,
https://soilwise-he.github.io/soil-health#CoverCrops,cover crops,http://aims.fao.org/aos/agrovoc/c_1936,
https://soilwise-he.github.io/soil-health#CommonAgriculturalPractices,common agricultural practices,,
https://soilwise-he.github.io/soil-health#SoilCationContent,soil cation content,,
https://soilwise-he.github.io/soil-health#Wheat,wheat,http://aims.fao.org/aos/agrovoc/c_8373,
https://soilwise-he.github.io/soil-health#ModellingApproaches,modelling approaches,,
https://soilwise-he.github.io/soil-health#Lixisols,Lixisols,http://aims.fao.org/aos/agrovoc/c_7283bd0a,
https://soilwise-he.github.io/soil-health#SOCTurnover,SOC turnover,,
https://soilwise-he.github.io/soil-health#WaterholdingCapacity,water-holding capacity,,
https://soilwise-he.github.io/soil-health#ContinentalClimate,continental climate,http://aims.fao.org/aos/agrovoc/c_1833,
https://soilwise-he.github.io/soil-health#UrbanAreas,urban areas,http://aims.fao.org/aos/agrovoc/c_8085,
https://soilwise-he.github.io/soil-health#FluorescenceMeasurements,fluorescence measurements,,
https://soilwise-he.github.io/soil-health#MaritimeClimate,maritime climate,,
https://soilwise-he.github.io/soil-health#Trafficability,trafficability,,
https://soilwise-he.github.io/soil-health#Fluvisols,Fluvisols,http://aims.fao.org/aos/agrovoc/c_3000,
https://soilwise-he.github.io/soil-health#NitrateSorption,nitrate sorption,,
https://soilwise-he.github.io/soil-health#SOCStocks,soil organic carbon stocks,,
https://soilwise-he.github.io/soil-health#LitterDecomposition,litter decomposition,,
https://soilwise-he.github.io/soil-health#Plastics,plastics,http://aims.fao.org/aos/agrovoc/c_5998,
https://soilwise-he.github.io/soil-health#Nickel,nickel,http://aims.fao.org/aos/agrovoc/c_5172,
https://soilwise-he.github.io/soil-health#CarbonAmount,carbon amount,,
https://soilwise-he.github.io/soil-health#Sand,sand,http://aims.fao.org/aos/agrovoc/c_6779,
https://soilwise-he.github.io/soil-health#BaitlaminaMethod,bait-lamina method,,
https://soilwise-he.github.io/soil-health#VulnerabilityLimit,vulnerability limit,,
https://soilwise-he.github.io/soil-health#Immobilisation,immobilisation,http://aims.fao.org/aos/agrovoc/c_27550,
https://soilwise-he.github.io/soil-health#SoilMinerals,soil minerals,,
https://soilwise-he.github.io/soil-health#PFertilisation,P fertilisation,,
https://soilwise-he.github.io/soil-health#Sentinel2,Sentinel-2,,
https://soilwise-he.github.io/soil-health#Denitrification,denitrification,http://aims.fao.org/aos/agrovoc/c_15869,
https://soilwise-he.github.io/soil-health#NonpointSoilPollution,non-point soil pollution,,
https://soilwise-he.github.io/soil-health#SoilWaterContent,soil water content,http://aims.fao.org/aos/agrovoc/c_7208,
https://soilwise-he.github.io/soil-health#HighSoilMoistureContent,high soil moisture content,,
https://soilwise-he.github.io/soil-health#Calcisols,Calcisols,http://aims.fao.org/aos/agrovoc/c_ea60e31f,
https://soilwise-he.github.io/soil-health#EarlySpring,early spring,,
https://soilwise-he.github.io/soil-health#SoilRespiration,soil respiration,http://aims.fao.org/aos/agrovoc/c_33553,
https://soilwise-he.github.io/soil-health#Nanoparticles,nanoparticles,http://aims.fao.org/aos/agrovoc/c_93f051ee,
https://soilwise-he.github.io/soil-health#Landsat,Landsat,http://aims.fao.org/aos/agrovoc/c_36766,
https://soilwise-he.github.io/soil-health#ClayMineralogy,clay mineralogy,,
https://soilwise-he.github.io/soil-health#Ciliates,ciliates,http://aims.fao.org/aos/agrovoc/c_1618,
https://soilwise-he.github.io/soil-health#Recreation,recreation,http://aims.fao.org/aos/agrovoc/c_6477,
https://soilwise-he.github.io/soil-health#Archaea,archaea,http://opendata.inrae.fr/thesaurusINRAE/c_25141,
https://soilwise-he.github.io/soil-health#CarbonSequestration,carbon sequestration,http://aims.fao.org/aos/agrovoc/c_331583,
https://soilwise-he.github.io/soil-health#AgriculturalLand,agricultural land,http://www.eionet.europa.eu/gemet/concept/202,
https://soilwise-he.github.io/soil-health#FloodRisk,flood risk,http://opendata.inrae.fr/thesaurusINRAE/c_4656,
https://soilwise-he.github.io/soil-health#GroundwaterReproduction,groundwater reproduction,,
https://soilwise-he.github.io/soil-health#Sludges,sludges,,
https://soilwise-he.github.io/soil-health#SoilSurveys,soil surveys,http://aims.fao.org/aos/agrovoc/c_16551,
https://soilwise-he.github.io/soil-health#SoilConservationValue,soil conservation value,,
https://soilwise-he.github.io/soil-health#WaterSaturation,water saturation,http://aims.fao.org/aos/agrovoc/c_8311,
https://soilwise-he.github.io/soil-health#Porosity,porosity,http://aims.fao.org/aos/agrovoc/c_13520,
https://soilwise-he.github.io/soil-health#SemiaridClimate,semi-arid climate,http://aims.fao.org/aos/agrovoc/c_14191,
https://soilwise-he.github.io/soil-health#SoilMechanicalBehaviour,soil mechanical behaviour,,
https://soilwise-he.github.io/soil-health#SmearingEffects,smearing effects,,
https://soilwise-he.github.io/soil-health#Lead,lead,http://aims.fao.org/aos/agrovoc/c_4235,
https://soilwise-he.github.io/soil-health#OrganicSolids,organic solids,,
https://soilwise-he.github.io/soil-health#BuildingConstruction,building construction,http://aims.fao.org/aos/agrovoc/c_1140,
https://soilwise-he.github.io/soil-health#SubsoilDeformation,subsoil deformation,,
https://soilwise-he.github.io/soil-health#CropGrowth,crop growth,http://opendata.inrae.fr/thesaurusINRAE/c_7715,
https://soilwise-he.github.io/soil-health#OrganicMaterial,organic material,,
https://soilwise-he.github.io/soil-health#Protists,protists,http://aims.fao.org/aos/agrovoc/c_330951,
https://soilwise-he.github.io/soil-health#AnalyticalMethodologies,analytical methodologies,,
https://soilwise-he.github.io/soil-health#Human,human,,
https://soilwise-he.github.io/soil-health#SulphuricAcid,sulphuric acid,http://www.eionet.europa.eu/gemet/concept/8203,
https://soilwise-he.github.io/soil-health#EnvironmentalPollution,environmental pollution,http://www.eionet.europa.eu/gemet/concept/2895,
https://soilwise-he.github.io/soil-health#SoilEcosystem,soil ecosystem,http://opendata.inrae.fr/thesaurusINRAE/c_5835,
https://soilwise-he.github.io/soil-health#Agriculture,agriculture,http://aims.fao.org/aos/agrovoc/c_203,
https://soilwise-he.github.io/soil-health#Nematodes,nematodes,http://aims.fao.org/aos/agrovoc/c_47faeccc,
https://soilwise-he.github.io/soil-health#AgriculturalPolicies,agricultural policies,http://aims.fao.org/aos/agrovoc/c_201,
https://soilwise-he.github.io/soil-health#PopulationDensity,population density,http://aims.fao.org/aos/agrovoc/c_6112,
https://soilwise-he.github.io/soil-health#NDissolution,N dissolution,,
https://soilwise-he.github.io/soil-health#PrecompressionStress,precompression stress,,
https://soilwise-he.github.io/soil-health#AnimalProducts,animal products,http://aims.fao.org/aos/agrovoc/c_438,
https://soilwise-he.github.io/soil-health#SoilMoistureDeficit,soil moisture deficit,http://aims.fao.org/aos/agrovoc/c_25307,
https://soilwise-he.github.io/soil-health#ProductionIncrease,production increase,http://aims.fao.org/aos/agrovoc/c_29978,
https://soilwise-he.github.io/soil-health#EcosystemHealth,ecosystem health,http://aims.fao.org/aos/agrovoc/c_457ca5ae,
https://soilwise-he.github.io/soil-health#SoilDepth,soil depth,http://aims.fao.org/aos/agrovoc/c_0c184d6f,
https://soilwise-he.github.io/soil-health#FieldScale,field scale,http://opendata.inrae.fr/thesaurusINRAE/c_3027,
https://soilwise-he.github.io/soil-health#OrganicMatterAccumulation,organic matter accumulation,,
https://soilwise-he.github.io/soil-health#PhysicochemicalProcesses,physico-chemical processes,,
https://soilwise-he.github.io/soil-health#Herbicides,herbicides,http://aims.fao.org/aos/agrovoc/c_3566,
https://soilwise-he.github.io/soil-health#RootingDepth,rooting depth,,
https://soilwise-he.github.io/soil-health#Settlements,settlements,,
https://soilwise-he.github.io/soil-health#CropProductivity,crop productivity,,
https://soilwise-he.github.io/soil-health#NitrateNitrogenLeaching,nitrate nitrogen leaching,,
https://soilwise-he.github.io/soil-health#Topsoil,topsoil,http://aims.fao.org/aos/agrovoc/c_7812,
https://soilwise-he.github.io/soil-health#Sodium,sodium,http://aims.fao.org/aos/agrovoc/c_7145,
https://soilwise-he.github.io/soil-health#Chromium,chromium,http://aims.fao.org/aos/agrovoc/c_1595,
https://soilwise-he.github.io/soil-health#SoilMicrobialBiomassCarbon,soil microbial biomass carbon,,
https://soilwise-he.github.io/soil-health#Herbivores,herbivores,http://aims.fao.org/aos/agrovoc/c_3567,
https://soilwise-he.github.io/soil-health#BaseSaturation,base saturation,http://aims.fao.org/aos/agrovoc/c_dbde833c,
https://soilwise-he.github.io/soil-health#DrinkingWater,drinking water,http://aims.fao.org/aos/agrovoc/c_10463,
https://soilwise-he.github.io/soil-health#Cambisols,Cambisols,http://aims.fao.org/aos/agrovoc/c_1224,
https://soilwise-he.github.io/soil-health#TransferModels,transfer models,,
https://soilwise-he.github.io/soil-health#FungalMycelia,fungal mycelia,,
https://soilwise-he.github.io/soil-health#EcosystemRestoration,ecosystem restoration,http://aims.fao.org/aos/agrovoc/c_e2952bea,
https://soilwise-he.github.io/soil-health#SoilCarbonPools,soil carbon pools,,
https://soilwise-he.github.io/soil-health#DNAExtraction,DNA extraction,http://aims.fao.org/aos/agrovoc/c_ae6e60d6,
https://soilwise-he.github.io/soil-health#PlantCover,plant cover,http://aims.fao.org/aos/agrovoc/c_25409,
https://soilwise-he.github.io/soil-health#Character,character,,
https://soilwise-he.github.io/soil-health#Atmosphere,atmosphere,http://aims.fao.org/aos/agrovoc/c_8994,
https://soilwise-he.github.io/soil-health#PConcentration,P concentration,,
https://soilwise-he.github.io/soil-health#Machines,machines,,
https://soilwise-he.github.io/soil-health#ReactiveIons,reactive ions,,
https://soilwise-he.github.io/soil-health#ClimaticChanges,climatic changes,,
https://soilwise-he.github.io/soil-health#TrophicGroups,trophic groups,http://aims.fao.org/aos/agrovoc/c_7969,
https://soilwise-he.github.io/soil-health#Antimicrobials,antimicrobials,http://aims.fao.org/aos/agrovoc/c_509,
https://soilwise-he.github.io/soil-health#Mobility,mobility,,
https://soilwise-he.github.io/soil-health#Mesofauna,mesofauna,http://opendata.inrae.fr/thesaurusINRAE/c_25426,
https://soilwise-he.github.io/soil-health#SlopingLand,sloping land,http://aims.fao.org/aos/agrovoc/c_7109,
https://soilwise-he.github.io/soil-health#SoilTexture,soil texture,http://aims.fao.org/aos/agrovoc/c_7199,
https://soilwise-he.github.io/soil-health#CSequestration,C sequestration,,
https://soilwise-he.github.io/soil-health#Floods,floods,,
https://soilwise-he.github.io/soil-health#Distribution,distribution,http://opendata.inrae.fr/thesaurusINRAE/c_15554,
https://soilwise-he.github.io/soil-health#Cemeteries,cemeteries,,
https://soilwise-he.github.io/soil-health#SoilAcidity,soil acidity,http://opendata.inrae.fr/thesaurusINRAE/c_ee37c05c,
https://soilwise-he.github.io/soil-health#ArableSoils,arable soils,http://aims.fao.org/aos/agrovoc/c_568,
https://soilwise-he.github.io/soil-health#PlantsRooting,plants rooting,,
https://soilwise-he.github.io/soil-health#MediterraneanClimate,Mediterranean climate,http://aims.fao.org/aos/agrovoc/c_4697,
https://soilwise-he.github.io/soil-health#Pressures,pressures,,
https://soilwise-he.github.io/soil-health#SoilSolution,soil solution,http://aims.fao.org/aos/agrovoc/c_7192,
https://soilwise-he.github.io/soil-health#SoilFauna,soil fauna,http://aims.fao.org/aos/agrovoc/c_7169,
https://soilwise-he.github.io/soil-health#Harbours,harbours,http://aims.fao.org/aos/agrovoc/c_3492,
https://soilwise-he.github.io/soil-health#Energy,energy,http://aims.fao.org/aos/agrovoc/c_2565,
https://soilwise-he.github.io/soil-health#ForestStands,forest stands,http://aims.fao.org/aos/agrovoc/c_28080,
https://soilwise-he.github.io/soil-health#AgriculturalIntensification,agricultural intensification,http://opendata.inrae.fr/thesaurusINRAE/c_2747,
https://soilwise-he.github.io/soil-health#Fungi,fungi,http://aims.fao.org/aos/agrovoc/c_3145,
https://soilwise-he.github.io/soil-health#Fertiliser,fertiliser,http://opendata.inrae.fr/thesaurusINRAE/c_4063,
https://soilwise-he.github.io/soil-health#LowConcentrations,low concentrations,,
https://soilwise-he.github.io/soil-health#CropYieldLosses,crop yield losses,,
https://soilwise-he.github.io/soil-health#Macrofauna,macrofauna,http://opendata.inrae.fr/thesaurusINRAE/c_24230,
https://soilwise-he.github.io/soil-health#PotassiumCations,potassium cations,,
https://soilwise-he.github.io/soil-health#Mines,mines,,
https://soilwise-he.github.io/soil-health#EcologicalIndicators,ecological indicators,http://aims.fao.org/aos/agrovoc/c_24186,
